{
  "condition": "spec_augmented",
  "calls": 390,
  "models": [
    "claude",
    "gpt",
    "gemini",
    "deepseek",
    "qwen3_local",
    "gemma4_local",
    "cerebras_qwen3",
    "fireworks_glm",
    "dashscope_qwen_plus",
    "sambanova_deepseek",
    "groq_llama33",
    "groq_allam",
    "groq_kimi",
    "grok",
    "sarvam",
    "gigachat_api",
    "yandexgpt_pro",
    "gptoss_swallow"
  ],
  "model_dcis": {
    "claude": 0.24351515151515155,
    "gpt": 0.36666666666666664,
    "gemini": 0.1981818181818182,
    "deepseek": 0.24333333333333332,
    "qwen3_local": 0.39166666666666666,
    "gemma4_local": 0.24888111888111883,
    "cerebras_qwen3": 0.3466666666666667,
    "fireworks_glm": 0.23399999999999999,
    "dashscope_qwen_plus": 0.26666666666666666,
    "sambanova_deepseek": 0.2733333333333333,
    "groq_llama33": 0.20000000000000007,
    "groq_allam": 0.3780458671763019,
    "groq_kimi": 0.28,
    "grok": 0.2064285714285715,
    "sarvam": 0.3741825368307582,
    "gigachat_api": 0.30357142857142855,
    "yandexgpt_pro": 0.34,
    "gptoss_swallow": 0.33782412358882946
  },
  "aggregate_dci": 0.29187715164791983,
  "run3_baseline_dci": 0.355,
  "model_weights": {
    "claude": {
      "semiotic": 9.709090909090909,
      "narrative": 13.993939393939394,
      "ideological": 11.872727272727273,
      "experiential": 19.83030303030303,
      "social": 14.145454545454546,
      "economic": 14.642424242424243,
      "cultural": 7.521212121212121,
      "temporal": 8.284848484848485
    },
    "gpt": {
      "semiotic": 15.0,
      "narrative": 13.0,
      "ideological": 6.333333333333333,
      "experiential": 19.666666666666668,
      "social": 10.333333333333334,
      "economic": 21.666666666666668,
      "cultural": 5.666666666666667,
      "temporal": 8.333333333333334
    },
    "gemini": {
      "semiotic": 7.2727272727272725,
      "narrative": 11.090909090909092,
      "ideological": 12.454545454545455,
      "experiential": 10.454545454545455,
      "social": 14.727272727272727,
      "economic": 12.545454545454545,
      "cultural": 20.727272727272727,
      "temporal": 10.727272727272727
    },
    "deepseek": {
      "semiotic": 10.0,
      "narrative": 13.0,
      "ideological": 13.0,
      "experiential": 15.0,
      "social": 14.666666666666666,
      "economic": 14.333333333333334,
      "cultural": 12.0,
      "temporal": 8.0
    },
    "qwen3_local": {
      "semiotic": 14.166666666666666,
      "narrative": 9.583333333333334,
      "ideological": 5.0,
      "experiential": 20.0,
      "social": 11.25,
      "economic": 25.0,
      "cultural": 5.0,
      "temporal": 10.0
    },
    "gemma4_local": {
      "semiotic": 10.111888111888113,
      "narrative": 12.041958041958042,
      "ideological": 8.125874125874127,
      "experiential": 14.734265734265733,
      "social": 15.433566433566433,
      "economic": 14.776223776223777,
      "cultural": 14.79020979020979,
      "temporal": 9.986013986013985
    },
    "cerebras_qwen3": {
      "semiotic": 14.0,
      "narrative": 11.0,
      "ideological": 10.666666666666666,
      "experiential": 18.333333333333332,
      "social": 10.0,
      "economic": 20.666666666666668,
      "cultural": 7.333333333333333,
      "temporal": 8.0
    },
    "fireworks_glm": {
      "semiotic": 4.4,
      "narrative": 9.0,
      "ideological": 10.0,
      "experiential": 15.0,
      "social": 12.0,
      "economic": 19.0,
      "cultural": 21.0,
      "temporal": 9.6
    },
    "dashscope_qwen_plus": {
      "semiotic": 9.133333333333333,
      "narrative": 13.333333333333334,
      "ideological": 14.666666666666666,
      "experiential": 20.866666666666667,
      "social": 11.466666666666667,
      "economic": 17.533333333333335,
      "cultural": 7.0,
      "temporal": 6.0
    },
    "sambanova_deepseek": {
      "semiotic": 12.666666666666666,
      "narrative": 12.666666666666666,
      "ideological": 10.666666666666666,
      "experiential": 18.666666666666668,
      "social": 14.0,
      "economic": 14.666666666666666,
      "cultural": 9.666666666666666,
      "temporal": 7.0
    },
    "groq_llama33": {
      "semiotic": 9.333333333333334,
      "narrative": 16.0,
      "ideological": 14.866666666666667,
      "experiential": 16.866666666666667,
      "social": 11.8,
      "economic": 10.666666666666666,
      "cultural": 9.8,
      "temporal": 10.666666666666666
    },
    "groq_allam": {
      "semiotic": 13.480649784997611,
      "narrative": 12.445453097627011,
      "ideological": 4.894887720974678,
      "experiential": 19.59308807134894,
      "social": 10.192705844879756,
      "economic": 24.323936932632588,
      "cultural": 4.894887720974678,
      "temporal": 10.17439082656474
    },
    "groq_kimi": {
      "semiotic": 10.0,
      "narrative": 11.666666666666666,
      "ideological": 12.933333333333334,
      "experiential": 18.4,
      "social": 13.866666666666667,
      "economic": 18.0,
      "cultural": 9.133333333333333,
      "temporal": 6.0
    },
    "grok": {
      "semiotic": 8.714285714285714,
      "narrative": 13.714285714285714,
      "ideological": 14.0,
      "experiential": 13.285714285714286,
      "social": 16.571428571428573,
      "economic": 11.928571428571429,
      "cultural": 16.428571428571427,
      "temporal": 5.357142857142857
    },
    "sarvam": {
      "semiotic": 13.557671577434423,
      "narrative": 10.393819619116062,
      "ideological": 6.375853395616241,
      "experiential": 19.143011139058572,
      "social": 10.648580668343515,
      "economic": 23.8605821056414,
      "cultural": 5.767157743442329,
      "temporal": 10.253323751347468
    },
    "gigachat_api": {
      "semiotic": 11.785714285714286,
      "narrative": 13.214285714285714,
      "ideological": 11.071428571428571,
      "experiential": 18.928571428571427,
      "social": 11.071428571428571,
      "economic": 18.571428571428573,
      "cultural": 7.5,
      "temporal": 7.857142857142857
    },
    "yandexgpt_pro": {
      "semiotic": 15.0,
      "narrative": 10.0,
      "ideological": 11.0,
      "experiential": 22.0,
      "social": 10.0,
      "economic": 19.0,
      "cultural": 6.0,
      "temporal": 7.0
    },
    "gptoss_swallow": {
      "semiotic": 12.596434937611408,
      "narrative": 10.726322043969104,
      "ideological": 7.995603089720737,
      "experiential": 20.18336304218657,
      "social": 10.790374331550803,
      "economic": 21.18597742127154,
      "cultural": 7.926322043969104,
      "temporal": 8.595603089720736
    }
  },
  "timestamp": "2026-04-08T06:01:06.112062+00:00"
}