{
  "experiment": "exp_b_cross_language_drift",
  "total_valid_records": 441,
  "h1": {
    "overall_median_cosine": 0.9924348196976502,
    "overall_min_cosine": 0.9658910420379888,
    "supported": true
  },
  "h2": {
    "significant_languages": 0,
    "threshold": 4,
    "supported": false,
    "per_language": {
      "zh": {
        "mean_abs_drift_pct": 1.2333333333333334,
        "p_value": 0.8369306834070148,
        "significant": false
      },
      "ru": {
        "mean_abs_drift_pct": 1.5891025641025625,
        "p_value": 0.8325569565963602,
        "significant": false
      },
      "ja": {
        "mean_abs_drift_pct": 1.294540229885057,
        "p_value": 0.9803976372326382,
        "significant": false
      },
      "ko": {
        "mean_abs_drift_pct": 0.7250615763546807,
        "p_value": 0.9845320061974869,
        "significant": false
      },
      "ar": {
        "mean_abs_drift_pct": 1.3551724137931038,
        "p_value": 0.8797474698957948,
        "significant": false
      },
      "hi": {
        "mean_abs_drift_pct": 1.1866931918656047,
        "p_value": 0.9744637242281851,
        "significant": false
      },
      "es": {
        "mean_abs_drift_pct": 1.71293103448276,
        "p_value": 0.9259818149019495,
        "significant": false
      }
    }
  },
  "h3": {
    "confirmed_predictions": 0,
    "threshold": 1,
    "supported": false
  },
  "h4": {
    "collectivist_mean": 12.137931034482758,
    "individualist_mean": 12.100539811066128,
    "p_value": 0.9562968349596447,
    "cohens_d": 0.009354945327053193,
    "supported": false
  },
  "profiles": {
    "zh_native_only": [
      0.128,
      0.13166666666666668,
      0.1286666666666667,
      0.1476666666666667,
      0.11466666666666668,
      0.14533333333333334,
      0.12766666666666668,
      0.07633333333333335
    ],
    "ar_native_only": [
      0.1113793103448276,
      0.12482758620689655,
      0.14379310344827587,
      0.1382758620689655,
      0.1327586206896552,
      0.1448275862068966,
      0.12758620689655176,
      0.07655172413793106
    ],
    "ja_bilingual": [
      0.12833333333333335,
      0.11866666666666668,
      0.1333333333333334,
      0.17333333333333337,
      0.12866666666666668,
      0.11133333333333337,
      0.12833333333333333,
      0.07800000000000001
    ],
    "ko_bilingual": [
      0.12862068965517243,
      0.12137931034482762,
      0.14965517241379314,
      0.16931034482758625,
      0.12172413793103448,
      0.11655172413793105,
      0.11275862068965517,
      0.08000000000000003
    ],
    "hi_bilingual": [
      0.12333333333333338,
      0.11566666666666671,
      0.137,
      0.17500000000000002,
      0.12533333333333335,
      0.12100000000000001,
      0.11866666666666666,
      0.08400000000000002
    ],
    "ja_native_only": [
      0.1310344827586207,
      0.13724137931034486,
      0.143448275862069,
      0.1410344827586207,
      0.126551724137931,
      0.1317241379310345,
      0.1144827586206897,
      0.07448275862068968
    ],
    "ru_native_only": [
      0.11611538461538465,
      0.1371794871794872,
      0.1412564102564103,
      0.1268974358974359,
      0.1211025641025641,
      0.14546153846153845,
      0.13242307692307695,
      0.07956410256410257
    ],
    "es_native_only": [
      0.11034482758620691,
      0.1410344827586207,
      0.14241379310344832,
      0.1441379310344828,
      0.11862068965517242,
      0.13896551724137932,
      0.1331034482758621,
      0.0713793103448276
    ],
    "ko_native_only": [
      0.12535714285714283,
      0.12535714285714286,
      0.1560714285714286,
      0.1496428571428572,
      0.12321428571428573,
      0.12464285714285717,
      0.12178571428571432,
      0.07392857142857145
    ],
    "ar_bilingual": [
      0.12033333333333335,
      0.11566666666666672,
      0.13,
      0.1753333333333334,
      0.12933333333333336,
      0.11700000000000002,
      0.13233333333333336,
      0.08000000000000003
    ],
    "ru_bilingual": [
      0.11782051282051284,
      0.11484615384615388,
      0.1457948717948718,
      0.17147435897435895,
      0.12684615384615386,
      0.1158846153846154,
      0.1207692307692308,
      0.08656410256410259
    ],
    "es_bilingual": [
      0.12800000000000003,
      0.11900000000000004,
      0.12800000000000003,
      0.17366666666666675,
      0.13266666666666668,
      0.12366666666666665,
      0.11633333333333334,
      0.07866666666666669
    ],
    "zh_bilingual": [
      0.12233333333333335,
      0.11966666666666671,
      0.12700000000000003,
      0.17833333333333337,
      0.13133333333333333,
      0.11533333333333333,
      0.12866666666666668,
      0.07733333333333338
    ],
    "en_bilingual": [
      0.11197802197802202,
      0.12728021978021978,
      0.13868131868131867,
      0.16057692307692312,
      0.12347527472527474,
      0.1319368131868132,
      0.12903846153846152,
      0.07703296703296705
    ],
    "hi_native_only": [
      0.11535809018567639,
      0.13185676392572943,
      0.15251989389920426,
      0.14435013262599475,
      0.12025198938992046,
      0.12911140583554379,
      0.1263129973474801,
      0.08023872679045098
    ]
  }
}